Area,year,N,%
Education,2022,10,66.60495458431191
Entertainment,2022,8,16.02012224297642
Industry,2022,7,6.477031894085451
Medicine,2022,23,10.364921110637313
