Area,year,N,%
Education,2023,10,68.1577506996
Entertainment,2023,8,14.43889652610001
Industry,2023,6,6.712567843220001
Medicine,2023,23,10.260172735300007
